"model","wMAE","ci.lb","ci.ub"
"Pooled",1.71811757628857,0.670488558085686,2.76574659449145
