"model","wMAE","ci.lb","ci.ub"
"Pooled",2.17657781278713,0.736327773080649,6.43394307306446
