"model","pearson_r","ci.lb","ci.ub"
"Pooled",0.195314063668311,0.0657710203895883,0.318382465436352
