"model","pearson_r","ci.lb","ci.ub"
"Pooled",0.350543589324341,0.186017165744526,0.495948270753525
